,Cloudiness,Country,Date,Humidity,Lat,Long,Temperature,Wind speed
tasiilaq,90,GL,2019-09-21,70,65.61,-37.64,6,6.2
saskylakh,100,RU,2019-09-21,95,71.97,114.09,4.2,5.98
cape town,75,ZA,2019-09-21,82,-33.93,18.42,15.56,4.6
tiksi,100,RU,2019-09-21,89,71.64,128.87,2.2,3.16
luderitz,100,NA,2019-09-21,59,-26.65,15.16,18,9.3
chokurdakh,51,RU,2019-09-21,87,70.62,147.9,-4.01,2.1
kjollefjord,92,NO,2019-09-21,73,70.95,27.35,4.7,7.33
inhambane,0,MZ,2019-09-21,85,-23.87,35.38,19.2,3.81
kamiiso,100,JP,2019-09-21,84,41.82,140.65,10.8,1.37
yellowknife,75,CA,2019-09-21,93,62.45,-114.38,9,6.2
dingle,100,PH,2019-09-21,84,11,122.67,23.2,1.51
kapaa,75,US,2019-09-21,78,22.08,-159.32,27,8.2
punta arenas,20,CL,2019-09-21,65,-53.16,-70.91,7,15.4
busselton,0,AU,2019-09-21,60,-33.64,115.35,5,5.6
hasaki,75,JP,2019-09-21,88,35.73,140.83,19,3.6
albany,1,US,2019-09-21,47,42.65,-73.75,27.22,1.26
mataura,12,NZ,2019-09-21,94,-46.19,168.86,3.89,0.45
touros,40,BR,2019-09-21,78,-5.2,-35.46,26,3.6
joshimath,0,IN,2019-09-21,80,30.57,79.57,9.9,1.6
hobart,66,AU,2019-09-21,88,-42.88,147.33,9,8.2
isangel,92,VU,2019-09-21,73,-19.55,169.27,22.5,11.84
bodri,95,IN,2019-09-21,91,23.17,81.43,22.6,1.74
iqaluit,75,CA,2019-09-21,74,63.75,-68.52,6,12.9
ushuaia,75,AR,2019-09-21,74,-54.81,-68.31,1,12.9
waddan,0,LY,2019-09-21,25,29.16,16.14,30.2,4.4
dwarka,40,IN,2019-09-21,94,28.58,77.04,32.22,2.1
puerto ayora,75,EC,2019-09-21,60,-0.74,-90.35,24,7.7
doha,0,QA,2019-09-21,59,25.29,51.53,34,3.1
ihosy,17,MG,2019-09-21,86,-22.4,46.13,15,7.34
bredasdorp,85,ZA,2019-09-21,87,-34.53,20.04,14,3.6
goderich,1,CA,2019-09-21,62,43.74,-81.71,29.44,4.02
pasni,0,PK,2019-09-21,70,25.26,63.48,27.2,3.06
hilo,40,US,2019-09-21,73,19.71,-155.08,24,2.6
hermanus,81,ZA,2019-09-21,98,-34.42,19.24,13.89,0.89
lompoc,1,US,2019-09-21,46,34.64,-120.46,28.89,1.5
westport,1,US,2019-09-21,39,41.14,-73.36,28.89,0.8
nikolskoye,75,RU,2019-09-21,87,59.7,30.79,7.22,1
saint george,20,GR,2019-09-21,59,39.45,22.34,19,3.1
valdivia,75,CL,2019-09-21,66,-39.81,-73.25,13,2.1
namatanai,58,PG,2019-09-21,81,-3.66,152.44,25.5,4.12
craig,1,US,2019-09-21,37,40.52,-107.55,12,2.1
hirado,75,JP,2019-09-21,94,33.32,129.49,25.56,9.3
jamestown,1,AU,2019-09-21,93,-33.21,138.6,3.6,2.51
butaritari,6,KI,2019-09-21,59,3.07,172.79,29.1,2.85
rio gallegos,40,AR,2019-09-21,39,-51.62,-69.22,9,14.4
kandrian,83,PG,2019-09-21,94,-6.21,149.55,22.2,0.84
chuy,0,UY,2019-09-21,46,-33.69,-53.46,17.7,4.66
gizo,20,IL,2019-09-21,65,31.8,34.94,26.11,2.1
sabang,100,PH,2019-09-21,89,13.8,121.11,25,0.85
narsaq,75,GL,2019-09-21,86,60.91,-46.05,5,1
yakeshi,0,CN,2019-09-21,80,49.28,120.73,6.5,1.4
okhotsk,100,RU,2019-09-21,73,59.36,143.24,4.6,2.38
lebu,100,ET,2019-09-21,90,8.96,38.73,14,1.53
hithadhoo,100,MV,2019-09-21,77,-0.6,73.08,25.3,3.99
porto novo,75,BR,2019-09-21,73,-23.68,-45.44,21,3.1
kodiak,90,US,2019-09-21,94,39.95,-94.76,25,3.6
orel-izumrud,90,RU,2019-09-21,87,43.46,39.92,11,4
pinawa,98,CA,2019-09-21,87,50.15,-95.88,20.2,1.05
lorengau,0,PG,2019-09-21,83,-2.02,147.27,26.4,3.28
vardo,1,US,2019-09-21,39,39.62,-77.74,31.11,3.1
suruc,0,TR,2019-09-21,35,36.98,38.42,21,7.7
port-gentil,40,GA,2019-09-21,83,-0.72,8.78,27,7.2
guerrero negro,0,MX,2019-09-21,84,27.97,-114.04,20.2,5.43
road town,40,VG,2019-09-21,70,18.42,-64.62,31.11,5.1
vanimo,90,PG,2019-09-21,75,-2.67,141.3,26.5,3.99
mataram,85,ID,2019-09-21,98,-5.32,105.06,19.8,1.32
vrangel,46,RU,2019-09-21,85,42.73,133.08,7.8,2.22
stanislav,0,UA,2019-09-21,43,46.58,32.14,10,2
ponta do sol,1,BR,2019-09-21,21,-20.63,-46,34.6,1.85
rikitea,4,PF,2019-09-21,91,-23.12,-134.97,23.1,3.81
vaini,12,IN,2019-09-21,95,15.34,74.49,24.3,1.13
esperance,75,AU,2019-09-21,93,-33.86,121.89,7,2.1
atuona,8,PF,2019-09-21,78,-9.8,-139.03,26.9,10.62
harper,40,US,2019-09-21,49,30.3,-99.24,32,8.2
la asuncion,92,AR,2019-09-21,18,-26.05,-65.39,18.7,4.23
avarua,83,CK,2019-09-21,94,-21.21,-159.78,20,0.5
la seyne-sur-mer,100,FR,2019-09-21,82,43.1,5.88,19,3.6
trincomalee,100,LK,2019-09-21,88,8.58,81.23,25.2,1.54
stockbridge,40,US,2019-09-21,40,33.54,-84.23,30,1.5
sola,80,TZ,2019-09-21,43,-3.17,33.8,23.3,0.58
tilichiki,0,RU,2019-09-21,71,60.47,166.1,-1.21,1.58
beroroha,0,MG,2019-09-21,48,-21.68,45.17,23.4,2.08
baruun-urt,0,MN,2019-09-21,49,46.68,113.28,10.6,3.33
hays,40,US,2019-09-21,58,38.88,-99.33,31.11,9.8
agra,75,IN,2019-09-21,100,27.18,78.01,25,0.5
qaanaaq,11,GL,2019-09-21,45,77.48,-69.36,-4.61,2.03
longyearbyen,40,NO,2019-09-21,64,78.22,15.63,1,4.6
kwinana,0,AU,2019-09-21,81,-32.25,115.77,8.89,2.6
kavieng,9,PG,2019-09-21,72,-2.57,150.8,28.8,4.35
arraial do cabo,75,BR,2019-09-21,78,-22.97,-42.02,26,5.1
dikson,100,RU,2019-09-21,96,73.51,80.55,2.5,9.63
yulara,0,AU,2019-09-21,31,-25.24,130.99,9,2.6
alyangula,17,AU,2019-09-21,94,-13.85,136.42,21,1.5
belmonte,96,PT,2019-09-21,86,40.36,-7.35,17.22,3
miri,63,NG,2019-09-21,59,10.31,9.75,26.1,0.98
huarmey,82,PE,2019-09-21,91,-10.07,-78.15,16,4.76
souillac,90,FR,2019-09-21,83,45.6,-0.6,24,2.6
lagoa,75,PT,2019-09-21,94,37.14,-8.45,22.22,4.1
faanui,52,PF,2019-09-21,83,-16.48,-151.75,26.6,7.1
windsor,1,US,2019-09-21,62,42.3,-83.03,31,4.6
katsuura,75,JP,2019-09-21,83,33.93,134.5,24,5.7
ribeira grande,20,PT,2019-09-21,64,38.52,-28.7,24,6.2
hambantota,66,LK,2019-09-21,81,6.12,81.12,27.7,6.03
klaksvik,0,FO,2019-09-21,87,62.23,-6.59,12,3.6
balsas,0,BR,2019-09-21,16,-7.53,-46.04,39.6,2.99
bloomfield,75,US,2019-09-21,94,40.75,-92.42,23,6.2
mar del plata,8,AR,2019-09-21,21,-46.43,-67.52,13,12.22
vanavara,32,RU,2019-09-21,82,60.35,102.28,5.4,3.76
bella union,100,CO,2019-09-21,92,8.5,-73.35,22.3,1.26
juneau,90,US,2019-09-21,100,58.3,-134.42,13,3.1
yatou,69,CM,2019-09-21,87,3.63,9.81,26.2,4.79
palmer,20,AU,2019-09-21,62,-34.85,139.16,11.11,4.6
cockburn town,75,TC,2019-09-21,52,21.46,-71.14,32,4.1
bubaque,14,GW,2019-09-21,76,11.28,-15.83,28.1,4.14
coquimbo,0,CL,2019-09-21,63,-29.95,-71.34,16,7.2
clyde river,90,CA,2019-09-21,95,70.47,-68.59,1,12.3
aitape,88,PG,2019-09-21,80,-3.15,142.36,24.2,1.93
fairbanks,90,US,2019-09-21,93,64.84,-147.72,4,4.6
mahibadhoo,100,MV,2019-09-21,78,3.78,72.97,27.1,7.18
labuhan,0,ID,2019-09-21,88,-2.54,115.51,22.9,0.72
hirara,93,JP,2019-09-21,80,24.8,125.28,26,12.02
emerald,0,AU,2019-09-21,77,-23.53,148.16,16,1
castro,40,CL,2019-09-21,61,-42.48,-73.76,10,1.5
hofn,100,IS,2019-09-21,98,64.25,-15.21,3.9,0.76
barrow,32,AR,2019-09-21,39,-38.31,-60.23,15,7.47
flinders,57,AU,2019-09-21,63,-34.58,150.85,18.89,2.1
cayenne,0,GF,2019-09-21,59,4.94,-52.33,32,6.7
torbay,90,CA,2019-09-21,93,47.66,-52.73,9.44,12.3
trinidad,75,BO,2019-09-21,50,-14.83,-64.9,26,2.1
brae,2,GB,2019-09-21,87,60.4,-1.35,13,11.8
rawson,0,AR,2019-09-21,20,-43.3,-65.11,13.3,9.31
lata,54,IN,2019-09-21,91,30.78,78.62,1.4,0.93
guican,100,CO,2019-09-21,94,6.46,-72.41,12,0.93
chermoz,39,RU,2019-09-21,95,58.79,56.15,1.5,4.06
kandra,0,PK,2019-09-21,79,27.59,68.87,32,2.25
cervo,66,BR,2019-09-21,72,-22.19,-46.24,22.8,1.89
laguna,40,BZ,2019-09-21,70,16.17,-88.94,31,3.1
forestville,20,CA,2019-09-21,54,48.74,-69.09,14,1
cidreira,0,BR,2019-09-21,50,-30.17,-50.22,17.7,3.8
yamada,75,JP,2019-09-21,77,36.58,137.08,21.11,3.1
sorong,66,ID,2019-09-21,97,-0.86,131.25,22.9,2.41
santa rosa,0,AR,2019-09-21,20,-36.62,-64.29,20.5,6.47
pevek,100,RU,2019-09-21,96,69.7,170.27,0.8,7.35
port moresby,91,PG,2019-09-21,89,-9.47,147.16,24.6,5.63
batagay,0,RU,2019-09-21,86,67.65,134.64,-0.81,1.49
storm lake,90,US,2019-09-21,88,42.64,-95.21,26,5.1
saint-philippe,1,CA,2019-09-21,60,45.36,-73.48,26.67,3.1
marzuq,0,YE,2019-09-21,31,14.4,46.47,26.2,1.64
camacha,40,PT,2019-09-21,83,33.08,-16.33,24,4.6
lamar,1,US,2019-09-21,30,38.09,-102.62,27,4.1
itarema,13,BR,2019-09-21,53,-2.92,-39.92,31.2,7.6
ust-nera,92,RU,2019-09-21,84,64.57,143.24,-0.71,0.97
coahuayana,48,MX,2019-09-21,75,18.62,-100.35,27.7,0.83
takoradi,99,GH,2019-09-21,91,4.89,-1.75,24.4,2.17
port alfred,100,ZA,2019-09-21,90,-33.59,26.89,17.78,1.79
igunga,64,TZ,2019-09-21,37,-4.28,33.88,24.7,3.7
new norfolk,66,AU,2019-09-21,88,-42.78,147.06,9,8.2
porumbacu de jos,0,RO,2019-09-21,57,45.76,24.46,10,2.1
bethel,20,US,2019-09-21,100,60.79,-161.76,3,3.6
fortuna,20,US,2019-09-21,82,40.6,-124.16,19.44,2.1
ahuimanu,40,US,2019-09-21,88,21.44,-157.84,27.22,1.5
kalga,0,RU,2019-09-21,79,50.92,118.9,7,1.11
pucallpa,75,PE,2019-09-21,331,-8.38,-74.54,2,3.35
kieta,94,PG,2019-09-21,79,-6.22,155.63,27.2,3.4
changji,0,CN,2019-09-21,86,32.07,116.17,17.4,2.18
kemi,0,FI,2019-09-21,81,65.74,24.56,5,2.1
severo-kurilsk,99,RU,2019-09-21,84,50.68,156.12,8.9,7.7
bose,100,IT,2019-09-21,59,45.46,8.01,20,5.1
kloulklubed,90,PW,2019-09-21,88,7.04,134.26,26,1.5
cururupu,59,BR,2019-09-21,50,-1.82,-44.87,31.7,3.1
pecos,1,US,2019-09-21,57,31.42,-103.49,27,3.1
aklavik,90,CA,2019-09-21,93,68.22,-135.01,6,1.5
east london,75,ZA,2019-09-21,82,-33.02,27.91,17,4.1
male,99,UA,2019-09-21,47,50.74,33.7,8.3,3.81
peniche,75,PT,2019-09-21,100,39.36,-9.38,20,8.2
kowary,0,PL,2019-09-21,88,50.79,15.83,12.78,1.62
lasa,20,CY,2019-09-21,78,34.92,32.53,26,1.5
ciro marina,0,IT,2019-09-21,64,39.37,17.13,21,3.1
bathsheba,40,BB,2019-09-21,66,13.22,-59.52,31,10.3
maragogi,30,BR,2019-09-21,72,-9.01,-35.22,26.1,5.15
barabinsk,70,RU,2019-09-21,75,55.35,78.35,8.7,2.77
pizarro,100,CO,2019-09-21,86,4.95,-77.37,24.8,1.93
pangnirtung,75,CA,2019-09-21,86,66.15,-65.72,5,2.1
ekibastuz,64,KZ,2019-09-21,44,51.72,75.32,14.2,6.5
hit,0,IQ,2019-09-21,17,33.64,42.83,30.1,4.3
alofi,96,NU,2019-09-21,100,-19.06,-169.92,19,3.6
sroda wielkopolska,0,PL,2019-09-21,63,52.23,17.28,16.11,1.5
kokkola,20,FI,2019-09-21,75,63.84,23.13,8.89,2.1
shyroke,3,UA,2019-09-21,47,47.96,38.23,10.9,4.66
ancud,40,CL,2019-09-21,61,-41.87,-73.83,10,1.5
thompson,75,CA,2019-09-21,100,55.74,-97.86,14,5.1
pizhma,8,RU,2019-09-21,83,57.86,47.12,1.5,1.95
wilmington,1,US,2019-09-21,32,39.75,-75.55,30,1.5
meulaboh,96,ID,2019-09-21,81,4.14,96.13,27.3,3.7
svetlogorsk,90,RU,2019-09-21,100,53.14,59.15,5,4
dawei,87,MM,2019-09-21,87,14.07,98.19,26.1,6.28
mehamn,87,NO,2019-09-21,77,71.03,27.85,3.2,5.94
waverly,1,US,2019-09-21,42,37.04,-77.1,31.11,2.6
lalibela,94,ET,2019-09-21,62,12.04,39.05,15.5,3
nanortalik,100,GL,2019-09-21,91,60.14,-45.24,5.1,1.55
sao luiz gonzaga,0,BR,2019-09-21,43,-28.41,-54.96,20,4.3
ischia,5,IT,2019-09-21,87,46.03,11.25,20,5.1
rondonopolis,41,BR,2019-09-21,27,-16.46,-54.64,38.9,2.28
qaqortoq,75,GL,2019-09-21,86,60.72,-46.03,5,1
si satchanalai,16,TH,2019-09-21,93,17.52,99.76,22.2,1.06
oktyabrskoye,0,RU,2019-09-21,75,56.73,85.44,9.44,2
georgetown,75,GY,2019-09-21,70,6.8,-58.16,31,7.2
kaeo,0,NZ,2019-09-21,100,-35.1,173.78,7.22,2.02
grand island,90,US,2019-09-21,61,40.92,-98.34,27.22,3.6
challans,0,FR,2019-09-21,53,46.85,-1.88,24.44,5.1
yar-sale,0,RU,2019-09-21,68,66.83,70.83,2.4,6.51
namibe,97,AO,2019-09-21,84,-15.19,12.15,18.7,5.42
nakuru,99,KE,2019-09-21,85,-0.28,36.07,13.5,3.27
yarmouth,20,CA,2019-09-21,72,43.84,-66.12,20,5.7
ozinki,67,RU,2019-09-21,70,51.2,49.73,9.4,2.33
pisco,75,PE,2019-09-21,30,-13.71,-76.2,22,3.6
jumla,33,NP,2019-09-21,92,29.28,82.18,8.8,1.36
norman wells,90,CA,2019-09-21,100,65.28,-126.83,8,2.1
mega,62,ET,2019-09-21,50,4.06,38.32,23.3,5.11
karratha,0,AU,2019-09-21,37,-20.74,116.85,16.5,6.6
fort nelson,75,CA,2019-09-21,87,58.81,-122.69,10,1
sao gabriel da cachoeira,75,BR,2019-09-21,70,-0.13,-67.09,31,2.6
manado,20,ID,2019-09-21,88,1.49,124.85,24,2.59
kaitangata,12,NZ,2019-09-21,78,-46.28,169.85,7.78,1.79
khatanga,97,RU,2019-09-21,93,71.98,102.47,6,6.05
victoria,75,BN,2019-09-21,83,5.28,115.24,28,2.6
brest,86,BY,2019-09-21,78,52.09,23.69,12.2,4.45
bisauli,0,IN,2019-09-21,73,28.31,78.94,27,2.41
aksha,1,RU,2019-09-21,81,50.28,113.29,7.6,1.24
zhuhai,0,CN,2019-09-21,76,40.71,112.04,11,1
ceres,43,BR,2019-09-21,17,-15.31,-49.6,36.6,2.95
barreirinhas,0,BR,2019-09-21,34,-2.75,-42.83,35.4,4.9
nebbi,28,UG,2019-09-21,90,2.48,31.09,17.9,2.15
vao,100,EE,2019-09-21,86,59.1,26.19,9.8,5.37
bambous virieux,75,MU,2019-09-21,88,-20.34,57.76,20.56,8.2
lagunas,100,PE,2019-09-21,56,-5.23,-75.68,30.1,2.13
vila,0,IT,2019-09-21,40,45.18,8.4,20,2.1
olinda,40,AU,2019-09-21,87,-37.84,145.39,10,3.1
lincoln,0,GB,2019-09-21,56,53.23,-0.54,22,5.7
hobyo,58,SO,2019-09-21,80,5.35,48.53,24.7,11.7
cabo san lucas,75,MX,2019-09-21,83,22.89,-109.91,31.67,6.7
muros,75,ES,2019-09-21,93,42.77,-9.06,18.89,5.1
dali,0,CN,2019-09-21,62,34.79,109.94,17.2,0.39
sausar,40,IN,2019-09-21,88,21.65,78.8,25,1.5
linxia,0,CN,2019-09-21,45,35.6,103.21,7.5,3.21
lethem,0,GY,2019-09-21,38,3.38,-59.8,35.9,3.33
mahebourg,75,MU,2019-09-21,88,-20.41,57.7,20.56,8.2
diffa,20,NE,2019-09-21,12,13.32,12.61,35.2,2.85
tuktoyaktuk,75,CA,2019-09-21,86,69.44,-133.03,5,7.7
mandera,43,ET,2019-09-21,35,3.94,41.86,29.8,4.14
bluff,0,AU,2019-09-21,93,-23.58,149.07,14.6,3.34
hegang,39,CN,2019-09-21,88,47.34,130.28,5,2.37
mogadishu,42,SO,2019-09-21,80,2.04,45.34,24.7,6.19
kununurra,0,AU,2019-09-21,77,-15.77,128.74,21,2.6
saint-leu,75,RE,2019-09-21,68,-21.15,55.28,22,7.2
sitka,0,US,2019-09-21,34,37.17,-99.65,32.1,7.94
chara,20,GR,2019-09-21,59,39.42,22.43,19,3.1
margate,66,AU,2019-09-21,88,-43.03,147.26,9,8.2
ulladulla,59,AU,2019-09-21,63,-35.36,150.48,16,2.1
juchitlan,0,MX,2019-09-21,55,20.08,-104.1,25.7,1.43
havelock,1,US,2019-09-21,39,34.88,-76.9,28.33,3.6
nampa,1,US,2019-09-21,67,43.57,-116.56,17.22,3.6
haines junction,79,CA,2019-09-21,84,60.75,-137.51,5.9,3.82
berezovka,21,RU,2019-09-21,76,55.71,42.61,3,2.17
carbondale,90,US,2019-09-21,83,38.82,-95.69,26.11,6.7
nizwa,1,OM,2019-09-21,33,22.93,57.53,27.2,5.12
shache,0,CN,2019-09-21,22,38.42,77.24,20.2,1.53
george town,75,MY,2019-09-21,88,5.42,100.33,29,1.5
waipawa,0,NZ,2019-09-21,97,-39.94,176.59,2.5,0.76
kahului,40,US,2019-09-21,83,20.89,-156.47,25,2.6
vostok,91,RU,2019-09-21,99,46.45,135.83,6,1.83
ossora,15,RU,2019-09-21,62,59.24,163.07,-0.01,1.46
oriximina,41,BR,2019-09-21,35,-1.77,-55.87,37,4.51
lucapa,80,AO,2019-09-21,45,-8.42,20.74,26.6,1.3
port macquarie,97,AU,2019-09-21,93,-31.43,152.91,17.22,4.6
umba,95,RU,2019-09-21,88,66.69,34.34,1.3,2.65
waingapu,64,ID,2019-09-21,88,-9.65,120.26,19.7,2.14
boyolangu,60,ID,2019-09-21,94,-8.09,111.9,19,2.07
preobrazheniye,59,RU,2019-09-21,83,42.9,133.91,7.8,2.09
sao filipe,47,CV,2019-09-21,82,14.9,-24.5,27.7,2.21
saint-georges,50,CA,2019-09-21,58,46.12,-70.67,23.89,0.89
ahmadnagar,94,IN,2019-09-21,80,19.09,74.75,23.7,3.17
port hardy,75,CA,2019-09-21,87,50.7,-127.42,14,4.1
provideniya,42,RU,2019-09-21,77,64.42,-173.23,-1.31,2.5
nisia floresta,75,BR,2019-09-21,78,-6.09,-35.21,28,7.7
taltal,34,CL,2019-09-21,63,-25.41,-70.49,15,2.55
tual,18,ID,2019-09-21,85,-5.67,132.75,24.8,5.62
pereslavl-zalesskiy,67,RU,2019-09-21,91,56.74,38.86,4.1,3.61
ahipara,0,NZ,2019-09-21,100,-35.17,173.16,6.67,4.74
noumea,90,NC,2019-09-21,82,-22.28,166.46,22.78,3.1
linhares,25,BR,2019-09-21,32,-19.38,-40.06,32.9,3.57
alice springs,75,AU,2019-09-21,31,-23.7,133.88,9,1.5
saldanha,94,PT,2019-09-21,83,41.42,-6.55,17,1.22
whangamata,0,NZ,2019-09-21,85,-37.21,175.87,9.44,1.34
antalaha,76,MG,2019-09-21,98,-14.9,50.28,15.6,1.6
ixtapa,20,MX,2019-09-21,66,20.71,-105.21,32.22,1
longyan,7,CN,2019-09-21,84,25.1,117.03,14.7,1.44
jardim,0,BR,2019-09-21,28,-21.48,-56.15,33.9,3.8
lar,0,IR,2019-09-21,17,27.66,54.32,33,3.1
lillebonne,0,FR,2019-09-21,47,49.52,0.53,26,3.1
tuatapere,12,NZ,2019-09-21,95,-46.13,167.69,3.89,0.89
mastic beach,1,US,2019-09-21,44,40.77,-72.85,28.33,5.1
tanout,0,NE,2019-09-21,10,14.97,8.88,37,3.26
owando,94,CG,2019-09-21,81,-0.49,15.91,24.3,0.59
at-bashi,0,KG,2019-09-21,34,41.17,75.81,11.2,3.1
kyzyl-suu,2,KG,2019-09-21,66,42.34,78,17.6,1.26
gewane,61,ET,2019-09-21,47,10.16,40.66,29.3,4.86
diego de almagro,0,CL,2019-09-21,43,-26.39,-70.05,19,4.5
tynda,17,RU,2019-09-21,95,55.15,124.74,0.2,0.82
upernavik,100,GL,2019-09-21,68,72.79,-56.15,3.5,5.93
panzhihua,100,CN,2019-09-21,89,26.59,101.72,12.9,0.17
geraldton,90,CA,2019-09-21,88,49.72,-86.95,19,3.6
aktau,75,KZ,2019-09-21,67,43.65,51.16,15,9
chunskiy,75,RU,2019-09-21,89,56.08,99.63,6.9,1.62
mirnyy,100,RU,2019-09-21,91,56.57,36.46,5.5,3.47
srandakan,90,ID,2019-09-21,86,-7.94,110.25,23.1,3.92
saint-joseph,100,FR,2019-09-21,72,43.56,6.97,20,1.5
makokou,99,GA,2019-09-21,94,0.56,12.85,22.8,0.96
halifax,20,CA,2019-09-21,42,44.65,-63.58,22.22,9.8
faya,0,SA,2019-09-21,13,18.39,42.45,24,5.1
codrington,21,AU,2019-09-21,93,-28.95,153.24,19,2.1
zhigansk,100,RU,2019-09-21,94,66.77,123.37,2.1,11.9
atasu,24,KZ,2019-09-21,32,48.68,71.64,18.5,6.39
pokhara,34,NP,2019-09-21,80,28.21,83.99,10.7,2.14
adrar,65,DZ,2019-09-21,10,27.87,-0.29,42,4.1
lulea,0,SE,2019-09-21,73,65.58,22.15,5,3.6
lockhart,83,AU,2019-09-21,71,-35.22,146.72,10,2.6
adaufe,75,PT,2019-09-21,93,40.89,-8.24,18.89,1.5
ostrovnoy,99,RU,2019-09-21,91,68.05,39.51,3.1,6.66
abu dhabi,0,AE,2019-09-21,75,24.47,54.37,33,2.6
jieshi,4,CN,2019-09-21,55,22.82,115.83,20.8,3.5
nha trang,75,VN,2019-09-21,100,12.24,109.19,24,1
cherskiy,97,RU,2019-09-21,94,68.75,161.3,-2.61,3.24
grindavik,75,IS,2019-09-21,87,63.84,-22.43,14,7.7
buchanan,75,LR,2019-09-21,94,5.88,-10.05,25,5.22
springbok,35,ZA,2019-09-21,78,-29.67,17.88,13.6,7.99
atambua,33,ID,2019-09-21,78,-9.11,124.89,23.9,3.44
beringovskiy,14,RU,2019-09-21,72,63.05,179.32,-1.91,2.24
porto walter,100,BR,2019-09-21,70,-8.27,-72.74,27,2.57
barinas,98,VE,2019-09-21,61,8.64,-70.23,31.2,2.45
salalah,40,OM,2019-09-21,83,17.01,54.1,27,3.6
sibolga,84,ID,2019-09-21,79,1.74,98.78,27.8,4.38
vigia del fuerte,100,CO,2019-09-21,75,6.58,-76.89,26.7,0.93
novovasylivka,57,UA,2019-09-21,59,48.2,37.04,8.4,3.88
west odessa,40,US,2019-09-21,65,31.84,-102.48,26,5.7
rio grande,0,BR,2019-09-21,37,-32.03,-52.1,21,1
poum,0,MK,2019-09-21,55,41.28,20.71,16,1
port-cartier,75,CA,2019-09-21,37,50.03,-66.88,19,6.7
sayyan,29,YE,2019-09-21,60,15.17,44.32,23.5,2.09
constitucion,20,MX,2019-09-21,60,23.99,-104.67,22.22,1.65
ilulissat,75,GL,2019-09-21,52,69.22,-51.1,8,6.7
carnarvon,87,ZA,2019-09-21,30,-30.97,22.13,17,10.5
mount gambier,40,AU,2019-09-21,100,-37.83,140.78,4,4.1
labytnangi,12,RU,2019-09-21,87,66.66,66.39,-2.31,1.42
borovichi,100,RU,2019-09-21,97,58.39,33.91,4.7,1.98
asyut,0,EG,2019-09-21,38,27.18,31.19,31,6.2
togur,100,RU,2019-09-21,68,58.36,82.83,5.9,2.55
ashland,75,US,2019-09-21,58,38.48,-82.64,30.56,3.17
batagay-alyta,96,RU,2019-09-21,92,67.8,130.41,-5.11,1.15
kamaishi,93,JP,2019-09-21,93,39.28,141.86,11.6,0.66
ipixuna,40,BR,2019-09-21,62,-1.76,-48.8,31,3.6
snezhnogorsk,40,RU,2019-09-21,78,69.19,33.23,2,2
nabire,100,ID,2019-09-21,96,-3.36,135.5,20.2,1.24
kazanskaya,10,RU,2019-09-21,56,45.41,40.44,11.67,5.15
bowen,75,AU,2019-09-21,93,-20.01,148.25,18,3.1
zhengjiatun,0,CN,2019-09-21,77,43.51,123.51,11.3,0.58
calbuco,75,CL,2019-09-21,66,-41.77,-73.13,10,3.6
prince rupert,90,CA,2019-09-21,100,54.32,-130.32,14,5.7
agadir,0,MA,2019-09-21,60,30.42,-9.58,24,6.7
mbuji-mayi,73,CD,2019-09-21,56,-6.13,23.6,27,1.28
airai,61,TL,2019-09-21,80,-8.93,125.41,19.3,1.21
college,90,US,2019-09-21,93,64.86,-147.8,4,4.6
along,100,IN,2019-09-21,95,28.17,94.8,14,1.9
pryazha,69,RU,2019-09-21,86,61.69,33.62,4,2
outjo,0,NA,2019-09-21,12,-20.11,16.16,24,5.07
la trinitaria,14,MX,2019-09-21,76,16.12,-92.05,25.5,1.92
conakry,75,GN,2019-09-21,83,9.52,-13.7,28,3.1
tautira,75,PF,2019-09-21,74,-17.73,-149.15,26,1
velyka lepetykha,45,UA,2019-09-21,50,47.18,33.94,8.4,2.78
champerico,75,MX,2019-09-21,65,16.38,-93.6,28,1.5
messina,40,IT,2019-09-21,78,38.19,15.55,25,4.6
tatarsk,83,RU,2019-09-21,68,55.22,75.96,9.6,2.84
nuuk,75,GL,2019-09-21,86,64.17,-51.74,5,9.3
tela,40,HN,2019-09-21,70,15.78,-87.45,33,1
roald,0,NO,2019-09-21,82,62.58,6.12,15,1.5
ayaviri,88,PE,2019-09-21,35,-14.88,-70.59,12.9,3.07
las tunas,40,CU,2019-09-21,66,20.96,-76.96,32,3.6
baherden,0,TM,2019-09-21,22,38.44,57.43,24.2,1.74
sackville,40,CA,2019-09-21,55,45.9,-64.37,19.44,5.7
sao lourenco,75,PT,2019-09-21,100,39.01,-9.42,20,2.6
tiznit,17,MA,2019-09-21,89,29.7,-9.73,20.5,3.68
altamira,90,BR,2019-09-21,30,-3.2,-52.21,37.8,2.15
vestmannaeyjar,90,IS,2019-09-21,100,63.44,-20.27,11,12.9
gondar,75,PT,2019-09-21,88,41.82,-8.78,18.89,5.7
port lavaca,1,US,2019-09-21,63,28.61,-96.63,33.33,7.7
islamkot,1,PK,2019-09-21,49,24.7,70.18,32.6,4.92
walvis bay,0,NA,2019-09-21,72,-22.95,14.51,17,5.1
caravelas,43,BR,2019-09-21,63,-17.73,-39.27,26.4,6.84
daru,99,PG,2019-09-21,90,-9.07,143.21,23.9,4.32
bati,94,ET,2019-09-21,75,11.19,40.02,19.1,4.4
san antonio del tequendama,40,CO,2019-09-21,43,4.62,-74.35,21,4.1
novobirilyussy,15,RU,2019-09-21,95,56.95,90.69,5.6,1.82
kalabo,74,ZM,2019-09-21,16,-15,22.67,25.4,0.73
itamaraca,40,BR,2019-09-21,69,-7.75,-34.83,28,5.1
opuwo,17,NA,2019-09-21,37,-18.06,13.84,22.6,4.26
zhezkazgan,74,KZ,2019-09-21,29,47.8,67.71,21,6.33
richards bay,8,ZA,2019-09-21,88,-28.77,32.06,21.9,1.84
bandarbeyla,74,SO,2019-09-21,76,9.49,50.81,24.3,10
sao felix do xingu,31,BR,2019-09-21,20,-6.64,-51.99,40.1,2.24
yabelo,82,ET,2019-09-21,54,4.89,38.09,20.9,4
evensk,49,RU,2019-09-21,69,61.92,159.24,0.4,1.16
aykhal,59,RU,2019-09-21,93,65.95,111.51,1.1,8.8
rizhao,0,CN,2019-09-21,93,35.43,119.46,14.4,3.16
council bluffs,90,US,2019-09-21,94,41.26,-95.86,26.67,6.7
manoharpur,1,IN,2019-09-21,81,22.35,85.21,25,0.9
kiruna,56,SE,2019-09-21,74,67.86,20.23,2,3.1
broome,0,GB,2019-09-21,63,52.47,1.45,20,5.1
talnakh,75,RU,2019-09-21,93,69.49,88.39,3,12
kudat,75,MY,2019-09-21,83,6.89,116.84,28,2.1
clonakilty,75,IE,2019-09-21,100,51.62,-8.87,16,9.3
russkaya polyana,67,RU,2019-09-21,51,53.78,73.88,12.1,5.25
santa marta,90,CO,2019-09-21,83,11.24,-74.21,26,7.2
margherita,95,IN,2019-09-21,97,27.29,95.67,24.2,0.4
port lincoln,60,AU,2019-09-21,65,-34.72,135.86,12.1,7.31
ullapool,0,GB,2019-09-21,66,57.9,-5.16,17.2,4
mengyin,0,CN,2019-09-21,79,35.71,117.93,15.1,2.54
zhicheng,0,CN,2019-09-21,43,35.04,112.59,19.4,1.85
amapa,40,HN,2019-09-21,52,15.09,-87.97,33,2.1
lithakia,20,GR,2019-09-21,53,37.72,20.83,25,1.5
tura,100,RU,2019-09-21,75,64.27,100.22,3.7,9.13
manitowoc,75,US,2019-09-21,83,44.09,-87.66,26,3.6
quatre cocos,75,MU,2019-09-21,88,-20.21,57.76,21.11,8.2
bambanglipuro,90,ID,2019-09-21,86,-7.95,110.28,23.1,3.92
otradnoye,75,RU,2019-09-21,87,59.77,30.8,7,1
pathein,95,MM,2019-09-21,93,16.78,94.73,25.2,2.51
mayskiy,90,RU,2019-09-21,81,43.63,44.06,10,2
oktyabrskiy,0,RU,2019-09-21,65,55.61,37.97,7.22,2
los llanos de aridane,75,ES,2019-09-21,73,28.66,-17.92,25,2.1
dinkelsbuhl,1,DE,2019-09-21,37,49.07,10.32,21,3.6
sri aman,100,MY,2019-09-21,94,1.24,111.46,25,0.91
gao,2,ML,2019-09-21,14,16.28,-0.04,38.6,2.89
ivrea,100,IT,2019-09-21,59,45.47,7.87,20,5.1
shatrovo,0,BG,2019-09-21,38,42.29,22.98,15,2.6
ust-kuyga,0,RU,2019-09-21,88,70,135.55,-1.21,2.44
snina,1,SK,2019-09-21,58,48.99,22.16,10.56,0.45
axim,100,GH,2019-09-21,88,4.87,-2.24,25.2,4.27
khorramshahr,0,IR,2019-09-21,58,30.43,48.18,33,2.1
westlock,90,CA,2019-09-21,76,54.15,-113.85,12.78,2.1
petrykivka,0,UA,2019-09-21,75,48.71,34.62,7,3
cordenons,5,IT,2019-09-21,45,45.99,12.71,20,1.5
general pico,0,AR,2019-09-21,19,-35.66,-63.75,21.7,5.8
pangody,10,RU,2019-09-21,76,65.85,74.49,1.5,7.18
sovetskiy,11,RU,2019-09-21,80,56.76,48.47,2.5,2.22
chisec,23,GT,2019-09-21,55,15.81,-90.29,31.3,1.64
san cristobal,33,HN,2019-09-21,59,14.68,-86.92,28.2,1.02
macklin,0,CA,2019-09-21,49,52.34,-109.94,15.5,3.94
sal rei,4,CV,2019-09-21,87,16.18,-22.92,27.1,4.03
mincivan,37,AZ,2019-09-21,88,39.03,46.72,14.8,2.77
ordzhonikidze,0,UA,2019-09-21,57,44.96,35.36,7.5,3.67
ribeira brava,40,PT,2019-09-21,64,32.65,-17.07,24,8.2
half moon bay,1,US,2019-09-21,60,37.46,-122.43,26.67,3.12
samarai,100,PG,2019-09-21,94,-10.62,150.67,23,1.72
husavik,100,CA,2019-09-21,98,50.56,-96.99,18.33,4.64
broken hill,0,AU,2019-09-21,75,-31.97,141.45,7,1.5
berlevag,99,NO,2019-09-21,71,70.86,29.09,4.9,5.9
mittagong,51,AU,2019-09-21,63,-34.45,150.45,16.67,2.1
jalu,0,LY,2019-09-21,36,29.03,21.55,28.7,2.47
baykit,100,RU,2019-09-21,92,61.68,96.39,3.4,4.16
weifang,0,CN,2019-09-21,86,36.71,119.16,17.3,2.22
kamenka,45,MD,2019-09-21,65,48.03,28.7,12.22,2.76
challapata,23,BO,2019-09-21,59,-18.9,-66.78,11.5,3.83
kalat,0,PK,2019-09-21,27,29.03,66.58,18.5,1.1
warrensburg,90,US,2019-09-21,73,38.76,-93.74,27,7.7
luena,36,AO,2019-09-21,32,-11.78,19.91,21.8,1.04
nola,97,CF,2019-09-21,86,3.52,16.05,23,0.45
kuala terengganu,75,MY,2019-09-21,88,5.33,103.14,26,1.5
banda aceh,94,ID,2019-09-21,79,5.56,95.32,28,6.76
rypefjord,94,NO,2019-09-21,80,70.63,23.67,4,7.2
manicore,3,BR,2019-09-21,19,-5.81,-61.3,41.3,2.28
kodinsk,15,RU,2019-09-21,93,58.6,99.18,5.1,2.47
komsomolskiy,33,RU,2019-09-21,89,67.55,63.78,-1.21,4.08
gravdal,0,NO,2019-09-21,87,59.79,5.78,16,2.6
dombarovskiy,100,RU,2019-09-21,94,50.76,59.54,10.1,2.66
cumberland,1,US,2019-09-21,54,41.97,-71.43,29.44,1.5
kota kinabalu,75,MY,2019-09-21,88,5.98,116.07,26.11,1
dire,100,ET,2019-09-21,90,9.18,38.92,14,1.53
kedougou,77,SN,2019-09-21,90,12.56,-12.19,27,1.71
umm lajj,0,SA,2019-09-21,74,25.02,37.27,28.9,5.91
krasnoufimsk,100,RU,2019-09-21,93,56.6,57.77,6.2,1.87
mabaruma,27,GY,2019-09-21,48,8.2,-59.78,33.5,1.22
san andres,100,PH,2019-09-21,92,13.32,122.68,24.1,1.13
gigmoto,100,PH,2019-09-21,76,13.78,124.39,27.7,5.72
kidal,0,ML,2019-09-21,5,18.44,1.41,37.5,4.76
roma,0,IT,2019-09-21,61,41.89,12.48,25,2.1
balikpapan,8,ID,2019-09-21,99,-1.24,116.86,21.6,0.89
ginda,0,IN,2019-09-21,87,30.69,78.49,12.6,1.71
xichang,99,CN,2019-09-21,78,27.88,102.25,8.1,1.4
mount pleasant,75,US,2019-09-21,58,33.16,-94.97,31.11,3.6
san luis,0,AR,2019-09-21,7,-33.3,-66.34,24.3,2.37
honiara,75,SB,2019-09-21,94,-9.43,159.96,23,1
leningradskiy,100,RU,2019-09-21,94,69.38,178.42,-0.71,9
wanning,0,AT,2019-09-21,45,48.64,13.53,19,4.6
enniskerry,90,IE,2019-09-21,82,53.19,-6.17,18,3.1
portland,20,US,2019-09-21,47,43.66,-70.25,28.89,1.5
xinqing,58,CN,2019-09-21,88,48.28,129.53,5.8,1.64
tandalti,93,SD,2019-09-21,56,13.01,31.87,30.3,6.27
port elizabeth,1,US,2019-09-21,32,39.31,-74.98,30,2.6
aksu,0,KZ,2019-09-21,46,52.04,76.93,10,4
killybegs,92,IE,2019-09-21,72,54.63,-8.45,17,12.9
kotka,75,FI,2019-09-21,87,60.47,26.95,7,1.5
manzil salim,40,TN,2019-09-21,27,35.86,8.48,30,1
namie,93,JP,2019-09-21,94,37.52,140.86,17.78,0.29
palivere,75,EE,2019-09-21,71,58.97,23.89,13,5.7
romitan,0,UZ,2019-09-21,60,39.93,64.38,22,2.1
seoul,90,KR,2019-09-21,106,37.57,126.98,18,6.68
tarata,0,PE,2019-09-21,49,-17.47,-70.03,20,3.1
esmeraldas,0,BR,2019-09-21,26,-19.76,-44.31,35,2.1
madimba,75,CM,2019-09-21,88,4.42,9.93,27,1.5
kambove,51,CD,2019-09-21,36,-10.88,26.6,20.7,0.69
sorland,100,NO,2019-09-21,64,67.67,12.69,7.6,6.42
eggenfelden,0,DE,2019-09-21,67,48.4,12.76,17,2.6
bonavista,78,CA,2019-09-21,86,48.65,-53.11,9.44,4.92
barranco,0,BR,2019-09-21,34,-20.59,-41.2,31.8,2.2
teknaf,100,BD,2019-09-21,76,20.86,92.31,29.3,2.53
galveston,40,US,2019-09-21,54,40.58,-86.19,31.11,3.6
aden,9,YE,2019-09-21,49,12.79,45.03,32.7,3.17
tayu,75,JP,2019-09-21,78,35.06,136.67,22,3.1
kargopol,100,RU,2019-09-21,93,61.51,38.95,1.7,1.62
redmond,90,US,2019-09-21,72,47.67,-122.12,17.22,3.1
tianpeng,18,CN,2019-09-21,69,28.88,112.34,18.8,4.11
ligayan,47,PH,2019-09-21,73,4.65,119.47,27.8,2.34
maniitsoq,100,GL,2019-09-21,93,65.42,-52.9,3.6,9.72
salvador,20,BR,2019-09-21,61,-12.98,-38.48,28,7.2
sobolevo,100,RU,2019-09-21,97,54.43,31.9,7.9,5.56
domingos martins,0,BR,2019-09-21,65,-20.36,-40.66,28,8.2
zambezi,0,ZM,2019-09-21,22,-13.55,23.12,25,2.03
yakima,1,US,2019-09-21,59,46.6,-120.51,19.44,1.51
moyale,1,ET,2019-09-21,49,3.52,39.05,24,3.02
hueyotlipan,5,MX,2019-09-21,33,19.47,-98.35,22,2.6
maxixe,20,MZ,2019-09-21,69,-23.86,35.35,23,3.1
